-- XAMPP-Lite
-- version 8.4.6
-- https://xampplite.sf.net/
--
-- phpMyAdmin SQL Dump
-- version 5.2.2
-- https://www.phpmyadmin.net/
--
-- Host: 127.0.0.1
-- Creato il: Gen 30, 2026 alle 13:04
-- Versione del server: 11.4.5-MariaDB-log
-- Versione PHP: 8.4.6

SET SQL_MODE = "NO_AUTO_VALUE_ON_ZERO";
START TRANSACTION;
SET time_zone = "+00:00";


/*!40101 SET @OLD_CHARACTER_SET_CLIENT=@@CHARACTER_SET_CLIENT */;
/*!40101 SET @OLD_CHARACTER_SET_RESULTS=@@CHARACTER_SET_RESULTS */;
/*!40101 SET @OLD_COLLATION_CONNECTION=@@COLLATION_CONNECTION */;
/*!40101 SET NAMES utf8mb4 */;

--
-- Database: `negozio`
--

-- --------------------------------------------------------

--
-- Struttura della tabella `categorie`
--

CREATE TABLE `categorie` (
  `id_categoria` int(11) NOT NULL,
  `nome` varchar(128) NOT NULL
) ENGINE=InnoDB DEFAULT CHARSET=utf8mb4 COLLATE=utf8mb4_unicode_ci;

--
-- Dump dei dati per la tabella `categorie`
--

INSERT INTO `categorie` (`id_categoria`, `nome`) VALUES
(1, 'Elettronica'),
(2, 'Informatica'),
(3, 'Telefonia'),
(4, 'Elettrodomestici'),
(5, 'Casa e Arredamento'),
(6, 'Cucina'),
(7, 'Giardinaggio'),
(8, 'Sport e Fitness'),
(9, 'Abbigliamento Uomo'),
(10, 'Abbigliamento Donna'),
(11, 'Calzature'),
(12, 'Gioielli e Accessori'),
(13, 'Bellezza e Cura Personale'),
(14, 'Infanzia e Giocattoli'),
(15, 'Auto e Moto'),
(16, 'Strumenti Musicali'),
(17, 'Libri e Riviste'),
(18, 'Film, Musica & Media'),
(19, 'Ufficio e Cancelleria'),
(20, 'Salute e Benessere');

-- --------------------------------------------------------

--
-- Struttura della tabella `clienti`
--

CREATE TABLE `clienti` (
  `id_cliente` int(11) NOT NULL,
  `nome` varchar(128) NOT NULL,
  `indirizzo` varchar(256) NOT NULL,
  `citta` varchar(256) NOT NULL,
  `nazione` varchar(32) NOT NULL
) ENGINE=InnoDB DEFAULT CHARSET=utf8mb4 COLLATE=utf8mb4_unicode_ci;

--
-- Dump dei dati per la tabella `clienti`
--

INSERT INTO `clienti` (`id_cliente`, `nome`, `indirizzo`, `citta`, `nazione`) VALUES
(1, 'Mario Rossi', 'Via Roma 1', 'Roma', 'Italia'),
(2, 'Mario Bianchi', 'Corso Milano 2', 'Milano', 'Italia'),
(3, 'Mario Ferrari', 'Piazza Garibaldi 3', 'Napoli', 'Italia'),
(4, 'Mario Russo', 'Viale Europa 4', 'Torino', 'Italia'),
(5, 'Mario Romano', 'Via Manzoni 5', 'Bologna', 'Italia'),
(6, 'Mario Gallo', 'Via Dante 6', 'Firenze', 'Italia'),
(7, 'Mario Conti', 'Piazza Duomo 7', 'Genova', 'Italia'),
(8, 'Mario Greco', 'Corso Umberto 8', 'Venezia', 'Italia'),
(9, 'Mario Marino', 'Viale Trieste 9', 'Verona', 'Italia'),
(10, 'Mario Costa', 'Via Cavour 10', 'Padova', 'Italia'),
(11, 'Luca Rossi', 'Corso Milano 11', 'Milano', 'Italia'),
(12, 'Luca Bianchi', 'Piazza Garibaldi 12', 'Napoli', 'Italia'),
(13, 'Luca Ferrari', 'Viale Europa 13', 'Torino', 'Italia'),
(14, 'Luca Russo', 'Via Manzoni 14', 'Bologna', 'Italia'),
(15, 'Luca Romano', 'Via Dante 15', 'Firenze', 'Italia'),
(16, 'Luca Gallo', 'Piazza Duomo 16', 'Genova', 'Italia'),
(17, 'Luca Conti', 'Corso Umberto 17', 'Venezia', 'Italia'),
(18, 'Luca Greco', 'Viale Trieste 18', 'Verona', 'Italia'),
(19, 'Luca Marino', 'Via Cavour 19', 'Padova', 'Italia'),
(20, 'Luca Costa', 'Via Roma 20', 'Roma', 'Italia'),
(21, 'Francesco Rossi', 'Piazza Garibaldi 21', 'Napoli', 'Italia'),
(22, 'Francesco Bianchi', 'Viale Europa 22', 'Torino', 'Italia'),
(23, 'Francesco Ferrari', 'Via Manzoni 23', 'Bologna', 'Italia'),
(24, 'Francesco Russo', 'Via Dante 24', 'Firenze', 'Italia'),
(25, 'Francesco Romano', 'Piazza Duomo 25', 'Genova', 'Italia'),
(26, 'Francesco Gallo', 'Corso Umberto 26', 'Venezia', 'Italia'),
(27, 'Francesco Conti', 'Viale Trieste 27', 'Verona', 'Italia'),
(28, 'Francesco Greco', 'Via Cavour 28', 'Padova', 'Italia'),
(29, 'Francesco Marino', 'Via Roma 29', 'Roma', 'Italia'),
(30, 'Francesco Costa', 'Corso Milano 30', 'Milano', 'Italia'),
(31, 'Giulia Rossi', 'Viale Europa 31', 'Torino', 'Italia'),
(32, 'Giulia Bianchi', 'Via Manzoni 32', 'Bologna', 'Italia'),
(33, 'Giulia Ferrari', 'Via Dante 33', 'Firenze', 'Italia'),
(34, 'Giulia Russo', 'Piazza Duomo 34', 'Genova', 'Italia'),
(35, 'Giulia Romano', 'Corso Umberto 35', 'Venezia', 'Italia'),
(36, 'Giulia Gallo', 'Viale Trieste 36', 'Verona', 'Italia'),
(37, 'Giulia Conti', 'Via Cavour 37', 'Padova', 'Italia'),
(38, 'Giulia Greco', 'Via Roma 38', 'Roma', 'Italia'),
(39, 'Giulia Marino', 'Corso Milano 39', 'Milano', 'Italia'),
(40, 'Giulia Costa', 'Piazza Garibaldi 40', 'Napoli', 'Italia'),
(41, 'Lucia Rossi', 'Via Manzoni 41', 'Bologna', 'Italia'),
(42, 'Lucia Bianchi', 'Via Dante 42', 'Firenze', 'Italia'),
(43, 'Lucia Ferrari', 'Piazza Duomo 43', 'Genova', 'Italia'),
(44, 'Lucia Russo', 'Corso Umberto 44', 'Venezia', 'Italia'),
(45, 'Lucia Romano', 'Viale Trieste 45', 'Verona', 'Italia'),
(46, 'Lucia Gallo', 'Via Cavour 46', 'Padova', 'Italia'),
(47, 'Lucia Conti', 'Via Roma 47', 'Roma', 'Italia'),
(48, 'Lucia Greco', 'Corso Milano 48', 'Milano', 'Italia'),
(49, 'Lucia Marino', 'Piazza Garibaldi 49', 'Napoli', 'Italia'),
(50, 'Lucia Costa', 'Viale Europa 50', 'Torino', 'Italia'),
(51, 'Paolo Rossi', 'Via Dante 51', 'Firenze', 'Italia'),
(52, 'Paolo Bianchi', 'Piazza Duomo 52', 'Genova', 'Italia'),
(53, 'Paolo Ferrari', 'Corso Umberto 53', 'Venezia', 'Italia'),
(54, 'Paolo Russo', 'Viale Trieste 54', 'Verona', 'Italia'),
(55, 'Paolo Romano', 'Via Cavour 55', 'Padova', 'Italia'),
(56, 'Paolo Gallo', 'Via Roma 56', 'Roma', 'Italia'),
(57, 'Paolo Conti', 'Corso Milano 57', 'Milano', 'Italia'),
(58, 'Paolo Greco', 'Piazza Garibaldi 58', 'Napoli', 'Italia'),
(59, 'Paolo Marino', 'Viale Europa 59', 'Torino', 'Italia'),
(60, 'Paolo Costa', 'Via Manzoni 60', 'Bologna', 'Italia'),
(61, 'Anna Rossi', 'Piazza Duomo 61', 'Genova', 'Italia'),
(62, 'Anna Bianchi', 'Corso Umberto 62', 'Venezia', 'Italia'),
(63, 'Anna Ferrari', 'Viale Trieste 63', 'Verona', 'Italia'),
(64, 'Anna Russo', 'Via Cavour 64', 'Padova', 'Italia'),
(65, 'Anna Romano', 'Via Roma 65', 'Roma', 'Italia'),
(66, 'Anna Gallo', 'Corso Milano 66', 'Milano', 'Italia'),
(67, 'Anna Conti', 'Piazza Garibaldi 67', 'Napoli', 'Italia'),
(68, 'Anna Greco', 'Viale Europa 68', 'Torino', 'Italia'),
(69, 'Anna Marino', 'Via Manzoni 69', 'Bologna', 'Italia'),
(70, 'Anna Costa', 'Via Dante 70', 'Firenze', 'Italia'),
(71, 'Sofia Rossi', 'Corso Umberto 71', 'Venezia', 'Italia'),
(72, 'Sofia Bianchi', 'Viale Trieste 72', 'Verona', 'Italia'),
(73, 'Sofia Ferrari', 'Via Cavour 73', 'Padova', 'Italia'),
(74, 'Sofia Russo', 'Via Roma 74', 'Roma', 'Italia'),
(75, 'Sofia Romano', 'Corso Milano 75', 'Milano', 'Italia'),
(76, 'Sofia Gallo', 'Piazza Garibaldi 76', 'Napoli', 'Italia'),
(77, 'Sofia Conti', 'Viale Europa 77', 'Torino', 'Italia'),
(78, 'Sofia Greco', 'Via Manzoni 78', 'Bologna', 'Italia'),
(79, 'Sofia Marino', 'Via Dante 79', 'Firenze', 'Italia'),
(80, 'Sofia Costa', 'Piazza Duomo 80', 'Genova', 'Italia'),
(81, 'Marco Rossi', 'Corso Umberto 81', 'Venezia', 'Italia'),
(82, 'Marco Bianchi', 'Viale Trieste 82', 'Verona', 'Italia'),
(83, 'Marco Ferrari', 'Via Cavour 83', 'Padova', 'Italia'),
(84, 'Marco Russo', 'Via Roma 84', 'Roma', 'Italia'),
(85, 'Marco Romano', 'Corso Milano 85', 'Milano', 'Italia'),
(86, 'Marco Gallo', 'Piazza Garibaldi 86', 'Napoli', 'Italia'),
(87, 'Marco Conti', 'Viale Europa 87', 'Torino', 'Italia'),
(88, 'Marco Greco', 'Via Manzoni 88', 'Bologna', 'Italia'),
(89, 'Marco Marino', 'Via Dante 89', 'Firenze', 'Italia'),
(90, 'Marco Costa', 'Piazza Duomo 90', 'Genova', 'Italia'),
(91, 'Alessandro Rossi', 'Corso Umberto 91', 'Venezia', 'Italia'),
(92, 'Alessandro Bianchi', 'Viale Trieste 92', 'Verona', 'Italia'),
(93, 'Alessandro Ferrari', 'Via Cavour 93', 'Padova', 'Italia'),
(94, 'Alessandro Russo', 'Via Roma 94', 'Roma', 'Italia'),
(95, 'Alessandro Romano', 'Corso Milano 95', 'Milano', 'Italia'),
(96, 'Alessandro Gallo', 'Piazza Garibaldi 96', 'Napoli', 'Italia'),
(97, 'Alessandro Conti', 'Viale Europa 97', 'Torino', 'Italia'),
(98, 'Alessandro Greco', 'Via Manzoni 98', 'Bologna', 'Italia'),
(99, 'Alessandro Marino', 'Via Dante 99', 'Firenze', 'Italia'),
(100, 'Alessandro Costa', 'Piazza Duomo 100', 'Genova', 'Italia');

-- --------------------------------------------------------

--
-- Struttura della tabella `dettagli_ordini`
--

CREATE TABLE `dettagli_ordini` (
  `id_ordine` int(11) NOT NULL,
  `id_prodotto` int(11) NOT NULL,
  `quantità` int(11) NOT NULL
) ENGINE=InnoDB DEFAULT CHARSET=utf8mb4 COLLATE=utf8mb4_unicode_ci;

--
-- Dump dei dati per la tabella `dettagli_ordini`
--

INSERT INTO `dettagli_ordini` (`id_ordine`, `id_prodotto`, `quantità`) VALUES
(1, 14, 2),
(1, 30, 3),
(1, 48, 4),
(2, 27, 3),
(2, 35, 5),
(2, 63, 4),
(3, 40, 4),
(3, 41, 1),
(3, 87, 5),
(4, 19, 1),
(4, 53, 5),
(4, 89, 2),
(5, 36, 3),
(5, 66, 1),
(5, 95, 2),
(6, 7, 4),
(6, 27, 3),
(6, 79, 2),
(7, 46, 5),
(7, 53, 4),
(7, 92, 3),
(8, 5, 4),
(8, 23, 1),
(8, 80, 5),
(9, 7, 1),
(9, 18, 5),
(9, 70, 2),
(10, 11, 3),
(10, 31, 1),
(10, 66, 2),
(11, 1, 3),
(11, 22, 4),
(11, 44, 2),
(12, 38, 4),
(12, 57, 3),
(12, 93, 5),
(13, 10, 4),
(13, 45, 5),
(13, 68, 1),
(14, 23, 5),
(14, 36, 2),
(14, 99, 1),
(15, 36, 1),
(15, 58, 3),
(15, 78, 2),
(16, 6, 4),
(16, 22, 3),
(16, 49, 2),
(17, 5, 4),
(17, 41, 5),
(17, 62, 3),
(18, 15, 4),
(18, 32, 1),
(18, 74, 5),
(19, 12, 1),
(19, 28, 5),
(19, 85, 2),
(20, 1, 1),
(20, 37, 3),
(20, 69, 2),
(21, 14, 2),
(21, 50, 4),
(21, 84, 3),
(22, 8, 5),
(22, 40, 4),
(22, 67, 3),
(23, 67, 1),
(23, 73, 5),
(23, 80, 4),
(24, 26, 1),
(24, 33, 5),
(24, 97, 2),
(25, 9, 2),
(25, 46, 1),
(25, 70, 3),
(26, 19, 4),
(26, 42, 3),
(26, 59, 2),
(27, 4, 3),
(27, 82, 5),
(27, 91, 4),
(28, 17, 4),
(28, 29, 1),
(28, 64, 5),
(29, 13, 1),
(29, 30, 5),
(29, 46, 2),
(30, 43, 1),
(30, 88, 3),
(30, 96, 2),
(31, 12, 4),
(31, 39, 3),
(31, 56, 2),
(32, 2, 4),
(32, 21, 5),
(32, 69, 3),
(33, 2, 4),
(33, 67, 1),
(33, 85, 5),
(34, 3, 2),
(34, 15, 5),
(34, 58, 1),
(35, 16, 2),
(35, 46, 3),
(35, 56, 1),
(36, 4, 3),
(36, 48, 4),
(36, 69, 2),
(37, 10, 5),
(37, 55, 4),
(37, 82, 3),
(38, 18, 1),
(38, 36, 5),
(38, 95, 4),
(39, 8, 5),
(39, 60, 2),
(39, 71, 1),
(40, 5, 3),
(40, 21, 1),
(40, 64, 2),
(41, 34, 2),
(41, 87, 3),
(41, 91, 4),
(42, 12, 5),
(42, 30, 4),
(42, 47, 3),
(43, 17, 5),
(43, 60, 4),
(43, 74, 1),
(44, 13, 5),
(44, 44, 2),
(44, 96, 1),
(45, 26, 1),
(45, 59, 3),
(45, 79, 2),
(46, 2, 3),
(46, 39, 2),
(46, 72, 4),
(47, 15, 5),
(47, 45, 4),
(47, 52, 3),
(48, 28, 5),
(48, 65, 4),
(48, 69, 1),
(49, 21, 1),
(49, 40, 2),
(49, 78, 5),
(50, 13, 3),
(50, 31, 1),
(50, 94, 2),
(51, 6, 2),
(51, 57, 4),
(51, 79, 3),
(52, 2, 4),
(52, 19, 3),
(52, 63, 5),
(53, 6, 1),
(53, 55, 5),
(53, 72, 4),
(54, 38, 1),
(54, 85, 5),
(54, 99, 2),
(55, 23, 3),
(55, 51, 2),
(55, 98, 1),
(56, 14, 4),
(56, 24, 3),
(56, 41, 2),
(57, 7, 4),
(57, 26, 5),
(57, 64, 3),
(58, 3, 4),
(58, 72, 1),
(58, 90, 5),
(59, 16, 5),
(59, 34, 2),
(59, 67, 1),
(60, 11, 3),
(60, 29, 1),
(60, 82, 2),
(61, 35, 4),
(61, 45, 3),
(61, 62, 2),
(62, 9, 5),
(62, 15, 3),
(62, 78, 4),
(63, 6, 4),
(63, 21, 5),
(63, 64, 1),
(64, 1, 2),
(64, 40, 1),
(64, 57, 5),
(65, 52, 3),
(65, 69, 2),
(65, 86, 1),
(66, 14, 4),
(66, 32, 3),
(66, 99, 2),
(67, 6, 3),
(67, 44, 5),
(67, 91, 4),
(68, 19, 4),
(68, 66, 1),
(68, 82, 5),
(69, 15, 1),
(69, 32, 5),
(69, 48, 2),
(70, 5, 1),
(70, 73, 3),
(70, 82, 2),
(71, 18, 2),
(71, 41, 4),
(71, 69, 3),
(72, 1, 3),
(72, 25, 5),
(72, 54, 4),
(73, 34, 5),
(73, 78, 1),
(73, 84, 4),
(74, 3, 2),
(74, 20, 1),
(74, 47, 5),
(75, 36, 3),
(75, 60, 1),
(75, 93, 2),
(76, 13, 2),
(76, 58, 4),
(76, 67, 3),
(77, 1, 4),
(77, 26, 3),
(77, 61, 5),
(78, 29, 1),
(78, 46, 5),
(78, 79, 4),
(79, 9, 1),
(79, 16, 2),
(79, 92, 5),
(80, 45, 1),
(80, 66, 3),
(80, 82, 2),
(81, 31, 3),
(81, 38, 2),
(81, 84, 4),
(82, 1, 3),
(82, 18, 4),
(82, 55, 5),
(83, 15, 4),
(83, 28, 1),
(83, 72, 5),
(84, 6, 1),
(84, 23, 2),
(84, 49, 5),
(85, 13, 2),
(85, 62, 1),
(85, 96, 3),
(86, 2, 2),
(86, 44, 4),
(86, 79, 3),
(87, 11, 5),
(87, 36, 4),
(87, 95, 3),
(88, 25, 5),
(88, 50, 4),
(88, 72, 1),
(89, 8, 5),
(89, 40, 2),
(89, 93, 1),
(90, 21, 1),
(90, 31, 3),
(90, 68, 2),
(91, 19, 4),
(91, 34, 2),
(91, 77, 3),
(92, 10, 4),
(92, 47, 3),
(92, 64, 5),
(93, 33, 5),
(93, 60, 4),
(93, 86, 1),
(94, 13, 5),
(94, 47, 2),
(94, 56, 1),
(95, 20, 1),
(95, 29, 3),
(95, 87, 2),
(96, 5, 2),
(96, 66, 4),
(96, 78, 3),
(97, 12, 5),
(97, 18, 3),
(97, 91, 4),
(98, 31, 4),
(98, 44, 5),
(98, 55, 1),
(99, 17, 1),
(99, 28, 5),
(99, 80, 2),
(100, 24, 3),
(100, 41, 1),
(100, 88, 2),
(101, 7, 3),
(101, 54, 2),
(101, 64, 4),
(102, 20, 4),
(102, 37, 3),
(102, 41, 5),
(103, 2, 1),
(103, 50, 4),
(103, 83, 5),
(104, 6, 1),
(104, 15, 5),
(104, 49, 2),
(105, 31, 2),
(105, 68, 1),
(105, 92, 3),
(106, 10, 4),
(106, 38, 3),
(106, 81, 2),
(107, 3, 3),
(107, 74, 4),
(107, 95, 5),
(108, 26, 4),
(108, 42, 1),
(108, 59, 5),
(109, 16, 1),
(109, 69, 5),
(109, 83, 2),
(110, 6, 3),
(110, 31, 2),
(110, 44, 1),
(111, 20, 3),
(111, 48, 4),
(111, 57, 2),
(112, 12, 5),
(112, 18, 3),
(112, 71, 4),
(113, 1, 4),
(113, 36, 1),
(113, 64, 5),
(114, 30, 1),
(114, 47, 5),
(114, 91, 2),
(115, 11, 2),
(115, 53, 3),
(115, 60, 1),
(116, 16, 2),
(116, 66, 4),
(116, 78, 3),
(117, 8, 5),
(117, 27, 4),
(117, 70, 3),
(118, 29, 4),
(118, 63, 1),
(118, 92, 5),
(119, 12, 5),
(119, 48, 2),
(119, 55, 1),
(120, 25, 1),
(120, 37, 3),
(120, 86, 2),
(121, 1, 3),
(121, 38, 2),
(121, 70, 4),
(122, 12, 5),
(122, 51, 3),
(122, 64, 4),
(123, 4, 4),
(123, 57, 1),
(123, 85, 5),
(124, 17, 5),
(124, 68, 1),
(124, 88, 2),
(125, 30, 1),
(125, 51, 3),
(125, 79, 2),
(126, 11, 4),
(126, 22, 3),
(126, 43, 2),
(127, 29, 5),
(127, 56, 3),
(127, 95, 4),
(128, 10, 1),
(128, 19, 4),
(128, 70, 5),
(129, 2, 5),
(129, 41, 1),
(129, 62, 2),
(130, 4, 2),
(130, 33, 3),
(130, 45, 1),
(131, 14, 4),
(131, 58, 2),
(131, 91, 3),
(132, 26, 4),
(132, 75, 3),
(132, 97, 5),
(133, 7, 1),
(133, 71, 5),
(133, 88, 4),
(134, 46, 2),
(134, 54, 1),
(134, 61, 5),
(135, 37, 2),
(135, 64, 1),
(135, 79, 3),
(136, 20, 2),
(136, 72, 4),
(136, 82, 3),
(137, 16, 4),
(137, 33, 3),
(137, 99, 5),
(138, 46, 4),
(138, 61, 1),
(138, 89, 5),
(139, 30, 1),
(139, 52, 2),
(139, 59, 5),
(140, 13, 3),
(140, 22, 1),
(140, 67, 2),
(141, 8, 4),
(141, 35, 2),
(141, 94, 3),
(142, 25, 4),
(142, 48, 3),
(142, 66, 5),
(143, 11, 4),
(143, 41, 1),
(143, 72, 5),
(144, 26, 2),
(144, 34, 5),
(144, 83, 1),
(145, 6, 2),
(145, 16, 3),
(145, 57, 1),
(146, 2, 2),
(146, 44, 4),
(146, 91, 3),
(147, 15, 3),
(147, 58, 4),
(147, 99, 5),
(148, 24, 1),
(148, 31, 5),
(148, 78, 4),
(149, 18, 1),
(149, 51, 5),
(149, 83, 2),
(150, 29, 3),
(150, 40, 1),
(150, 87, 2),
(151, 9, 3),
(151, 48, 2),
(151, 60, 4),
(152, 21, 3),
(152, 38, 4),
(152, 95, 5),
(153, 10, 4),
(153, 66, 1),
(153, 73, 5),
(154, 41, 2),
(154, 54, 1),
(154, 63, 5),
(155, 27, 2),
(155, 77, 3),
(155, 86, 1),
(156, 7, 2),
(156, 19, 4),
(156, 58, 3),
(157, 31, 5),
(157, 45, 4),
(157, 90, 3),
(158, 2, 1),
(158, 11, 4),
(158, 68, 5),
(159, 34, 5),
(159, 80, 2),
(159, 99, 1),
(160, 26, 2),
(160, 47, 1),
(160, 73, 3),
(161, 17, 4),
(161, 28, 2),
(161, 75, 3),
(162, 9, 5),
(162, 58, 4),
(162, 91, 3),
(163, 21, 5),
(163, 54, 4),
(163, 61, 1),
(164, 4, 1),
(164, 37, 5),
(164, 94, 2),
(165, 16, 1),
(165, 69, 3),
(165, 83, 2),
(166, 30, 3),
(166, 87, 2),
(167, 22, 3),
(167, 27, 5),
(167, 66, 4),
(168, 8, 1),
(168, 80, 5),
(168, 97, 4),
(169, 24, 5),
(169, 65, 2),
(169, 71, 1),
(170, 20, 3),
(170, 58, 2),
(170, 77, 1),
(171, 12, 3),
(171, 39, 2),
(171, 84, 4),
(172, 2, 3),
(172, 48, 5),
(172, 63, 4),
(173, 15, 4),
(173, 36, 1),
(173, 90, 5),
(174, 29, 1),
(174, 46, 2),
(174, 56, 5),
(175, 58, 3),
(175, 86, 2),
(175, 99, 1),
(176, 10, 4),
(176, 12, 2),
(176, 69, 3),
(177, 25, 3),
(177, 45, 5),
(177, 52, 4),
(178, 1, 5),
(178, 38, 4),
(178, 92, 1),
(179, 44, 1),
(179, 51, 5),
(179, 81, 2),
(180, 3, 2),
(180, 14, 1),
(180, 66, 3),
(181, 20, 3),
(181, 56, 4),
(181, 67, 2),
(182, 35, 5),
(182, 59, 4),
(182, 82, 3),
(183, 2, 1),
(183, 47, 4),
(183, 84, 5),
(184, 13, 1),
(184, 30, 5),
(184, 73, 2),
(185, 24, 1),
(185, 49, 3),
(185, 91, 2),
(186, 20, 4),
(186, 36, 3),
(186, 71, 2),
(187, 8, 3),
(187, 57, 4),
(187, 95, 5),
(188, 26, 5),
(188, 39, 4),
(188, 46, 1),
(189, 15, 1),
(189, 28, 2),
(189, 68, 5),
(190, 1, 1),
(190, 14, 3),
(190, 82, 2),
(191, 33, 2),
(191, 53, 4),
(191, 60, 3),
(192, 42, 3),
(192, 77, 5),
(192, 89, 4),
(193, 18, 5),
(193, 55, 4),
(193, 64, 1),
(194, 10, 2),
(194, 16, 5),
(194, 47, 1),
(195, 35, 2),
(195, 93, 1),
(195, 99, 3),
(196, 61, 3),
(196, 74, 2),
(196, 85, 4),
(197, 6, 5),
(197, 29, 4),
(197, 46, 3),
(198, 12, 5),
(198, 33, 4),
(198, 81, 1),
(199, 20, 5),
(199, 54, 2),
(199, 67, 1),
(200, 8, 2),
(200, 38, 3),
(200, 97, 1),
(201, 15, 4),
(201, 44, 2),
(201, 71, 3),
(202, 20, 5),
(202, 24, 4),
(202, 57, 3),
(203, 37, 5),
(203, 90, 4),
(203, 92, 1),
(204, 11, 5),
(204, 49, 2),
(204, 62, 1),
(205, 56, 2),
(205, 64, 3),
(205, 84, 1),
(206, 9, 3),
(206, 47, 4),
(206, 69, 2),
(207, 6, 3),
(207, 33, 5),
(207, 53, 4),
(208, 19, 4),
(208, 26, 1),
(208, 72, 5),
(209, 41, 1),
(209, 82, 5),
(209, 99, 2),
(210, 16, 2),
(210, 59, 1),
(210, 78, 3),
(211, 7, 3),
(211, 48, 2),
(211, 60, 4),
(212, 10, 5),
(212, 29, 3),
(212, 86, 4),
(213, 3, 4),
(213, 21, 1),
(213, 50, 5),
(214, 43, 1),
(214, 66, 5),
(214, 88, 2),
(215, 12, 1),
(215, 36, 3),
(215, 75, 2),
(216, 27, 2),
(216, 57, 4),
(216, 90, 3),
(217, 5, 4),
(217, 23, 5),
(217, 38, 3),
(218, 1, 4),
(218, 54, 1),
(218, 68, 5),
(219, 14, 5),
(219, 46, 2),
(219, 83, 1),
(220, 30, 2),
(220, 47, 1),
(220, 71, 3),
(221, 17, 3),
(221, 40, 4),
(221, 60, 2),
(222, 13, 3),
(222, 56, 4),
(222, 86, 5),
(223, 2, 5),
(223, 35, 4),
(223, 72, 1),
(224, 25, 2),
(224, 39, 1),
(224, 48, 5),
(225, 11, 3),
(225, 21, 1),
(225, 68, 2),
(226, 43, 4),
(226, 64, 2),
(226, 95, 3),
(227, 9, 5),
(227, 20, 4),
(227, 57, 3),
(228, 8, 4),
(228, 33, 5),
(228, 77, 1),
(229, 16, 2),
(229, 30, 5),
(229, 87, 1),
(230, 24, 2),
(230, 58, 3),
(230, 93, 1),
(231, 38, 4),
(231, 46, 2),
(231, 71, 3),
(232, 1, 3),
(232, 60, 4),
(232, 95, 5),
(233, 26, 5),
(233, 48, 1),
(233, 69, 4),
(234, 12, 5),
(234, 36, 2),
(234, 83, 1),
(235, 14, 3),
(235, 42, 2),
(235, 55, 1),
(236, 20, 2),
(236, 66, 4),
(236, 79, 3),
(237, 2, 3),
(237, 47, 5),
(237, 89, 4),
(238, 11, 1),
(238, 68, 5),
(238, 85, 4),
(239, 33, 1),
(239, 56, 5),
(239, 74, 2),
(240, 15, 1),
(240, 62, 2),
(240, 90, 3),
(241, 4, 4),
(241, 51, 3),
(241, 78, 2),
(242, 27, 3),
(242, 59, 5),
(242, 96, 4),
(243, 6, 4),
(243, 35, 5),
(243, 52, 1),
(244, 18, 1),
(244, 73, 5),
(244, 85, 2),
(245, 13, 3),
(245, 30, 2),
(245, 44, 1),
(246, 40, 3),
(246, 61, 2),
(246, 81, 4),
(247, 25, 5),
(247, 49, 4),
(247, 92, 3),
(248, 1, 5),
(248, 34, 4),
(248, 63, 1),
(249, 20, 5),
(249, 57, 1),
(249, 86, 2),
(250, 14, 2),
(250, 39, 1),
(250, 72, 3);

-- --------------------------------------------------------

--
-- Struttura della tabella `ordini`
--

CREATE TABLE `ordini` (
  `id_ordine` int(11) NOT NULL,
  `id_cliente` int(11) NOT NULL,
  `data_ordine` date NOT NULL
) ENGINE=InnoDB DEFAULT CHARSET=utf8mb4 COLLATE=utf8mb4_unicode_ci;

--
-- Dump dei dati per la tabella `ordini`
--

INSERT INTO `ordini` (`id_ordine`, `id_cliente`, `data_ordine`) VALUES
(1, 1, '2025-01-01'),
(2, 2, '2025-01-03'),
(3, 3, '2025-01-04'),
(4, 4, '2025-01-06'),
(5, 5, '2025-01-07'),
(6, 6, '2025-01-09'),
(7, 7, '2025-01-10'),
(8, 8, '2025-01-12'),
(9, 9, '2025-01-13'),
(10, 10, '2025-01-15'),
(11, 11, '2025-01-16'),
(12, 12, '2025-01-18'),
(13, 13, '2025-01-19'),
(14, 14, '2025-01-21'),
(15, 15, '2025-01-22'),
(16, 16, '2025-01-24'),
(17, 17, '2025-01-25'),
(18, 18, '2025-01-27'),
(19, 19, '2025-01-28'),
(20, 20, '2025-01-30'),
(21, 21, '2025-02-01'),
(22, 22, '2025-02-02'),
(23, 23, '2025-02-04'),
(24, 24, '2025-02-05'),
(25, 25, '2025-02-07'),
(26, 26, '2025-02-08'),
(27, 27, '2025-02-10'),
(28, 28, '2025-02-11'),
(29, 29, '2025-02-13'),
(30, 30, '2025-02-14'),
(31, 31, '2025-02-16'),
(32, 32, '2025-02-17'),
(33, 33, '2025-02-19'),
(34, 34, '2025-02-20'),
(35, 35, '2025-02-22'),
(36, 36, '2025-02-23'),
(37, 37, '2025-02-25'),
(38, 38, '2025-02-26'),
(39, 39, '2025-02-28'),
(40, 40, '2025-03-01'),
(41, 41, '2025-03-03'),
(42, 42, '2025-03-04'),
(43, 43, '2025-03-06'),
(44, 44, '2025-03-07'),
(45, 45, '2025-03-09'),
(46, 46, '2025-03-10'),
(47, 47, '2025-03-12'),
(48, 48, '2025-03-13'),
(49, 49, '2025-03-15'),
(50, 50, '2025-03-16'),
(51, 51, '2025-03-18'),
(52, 52, '2025-03-19'),
(53, 53, '2025-03-21'),
(54, 54, '2025-03-22'),
(55, 55, '2025-03-24'),
(56, 56, '2025-03-25'),
(57, 57, '2025-03-27'),
(58, 58, '2025-03-28'),
(59, 59, '2025-03-30'),
(60, 60, '2025-03-31'),
(61, 61, '2025-04-02'),
(62, 62, '2025-04-03'),
(63, 63, '2025-04-05'),
(64, 64, '2025-04-06'),
(65, 65, '2025-04-08'),
(66, 66, '2025-04-09'),
(67, 67, '2025-04-11'),
(68, 68, '2025-04-12'),
(69, 69, '2025-04-14'),
(70, 70, '2025-04-15'),
(71, 71, '2025-04-17'),
(72, 72, '2025-04-18'),
(73, 73, '2025-04-20'),
(74, 74, '2025-04-21'),
(75, 75, '2025-04-23'),
(76, 76, '2025-04-24'),
(77, 77, '2025-04-26'),
(78, 78, '2025-04-27'),
(79, 79, '2025-04-29'),
(80, 80, '2025-04-30'),
(81, 81, '2025-05-02'),
(82, 82, '2025-05-03'),
(83, 83, '2025-05-05'),
(84, 84, '2025-05-06'),
(85, 85, '2025-05-08'),
(86, 86, '2025-05-09'),
(87, 87, '2025-05-11'),
(88, 88, '2025-05-12'),
(89, 89, '2025-05-14'),
(90, 90, '2025-05-15'),
(91, 91, '2025-05-17'),
(92, 92, '2025-05-18'),
(93, 93, '2025-05-20'),
(94, 94, '2025-05-21'),
(95, 95, '2025-05-23'),
(96, 96, '2025-05-24'),
(97, 97, '2025-05-26'),
(98, 98, '2025-05-27'),
(99, 99, '2025-05-29'),
(100, 100, '2025-05-30'),
(101, 1, '2025-06-01'),
(102, 2, '2025-06-03'),
(103, 3, '2025-06-04'),
(104, 4, '2025-06-06'),
(105, 5, '2025-06-07'),
(106, 6, '2025-06-09'),
(107, 7, '2025-06-10'),
(108, 8, '2025-06-12'),
(109, 9, '2025-06-13'),
(110, 10, '2025-06-15'),
(111, 11, '2025-06-16'),
(112, 12, '2025-06-18'),
(113, 13, '2025-06-19'),
(114, 14, '2025-06-21'),
(115, 15, '2025-06-22'),
(116, 16, '2025-06-24'),
(117, 17, '2025-06-25'),
(118, 18, '2025-06-27'),
(119, 19, '2025-06-28'),
(120, 20, '2025-06-30'),
(121, 21, '2025-07-01'),
(122, 22, '2025-07-03'),
(123, 23, '2025-07-04'),
(124, 24, '2025-07-06'),
(125, 25, '2025-07-07'),
(126, 26, '2025-07-09'),
(127, 27, '2025-07-10'),
(128, 28, '2025-07-12'),
(129, 29, '2025-07-13'),
(130, 30, '2025-07-15'),
(131, 31, '2025-07-16'),
(132, 32, '2025-07-18'),
(133, 33, '2025-07-19'),
(134, 34, '2025-07-21'),
(135, 35, '2025-07-22'),
(136, 36, '2025-07-24'),
(137, 37, '2025-07-25'),
(138, 38, '2025-07-27'),
(139, 39, '2025-07-28'),
(140, 40, '2025-07-30'),
(141, 41, '2025-08-01'),
(142, 42, '2025-08-02'),
(143, 43, '2025-08-04'),
(144, 44, '2025-08-05'),
(145, 45, '2025-08-07'),
(146, 46, '2025-08-08'),
(147, 47, '2025-08-10'),
(148, 48, '2025-08-11'),
(149, 49, '2025-08-13'),
(150, 50, '2025-08-14'),
(151, 51, '2025-08-16'),
(152, 52, '2025-08-17'),
(153, 53, '2025-08-19'),
(154, 54, '2025-08-20'),
(155, 55, '2025-08-22'),
(156, 56, '2025-08-23'),
(157, 57, '2025-08-25'),
(158, 58, '2025-08-26'),
(159, 59, '2025-08-28'),
(160, 60, '2025-08-29'),
(161, 61, '2025-08-31'),
(162, 62, '2025-09-01'),
(163, 63, '2025-09-03'),
(164, 64, '2025-09-04'),
(165, 65, '2025-09-06'),
(166, 66, '2025-09-07'),
(167, 67, '2025-09-09'),
(168, 68, '2025-09-10'),
(169, 69, '2025-09-12'),
(170, 70, '2025-09-13'),
(171, 71, '2025-09-15'),
(172, 72, '2025-09-16'),
(173, 73, '2025-09-18'),
(174, 74, '2025-09-19'),
(175, 75, '2025-09-21'),
(176, 76, '2025-09-22'),
(177, 77, '2025-09-24'),
(178, 78, '2025-09-25'),
(179, 79, '2025-09-27'),
(180, 80, '2025-09-28'),
(181, 81, '2025-09-30'),
(182, 82, '2025-10-01'),
(183, 83, '2025-10-03'),
(184, 84, '2025-10-04'),
(185, 85, '2025-10-06'),
(186, 86, '2025-10-07'),
(187, 87, '2025-10-09'),
(188, 88, '2025-10-10'),
(189, 89, '2025-10-12'),
(190, 90, '2025-10-13'),
(191, 91, '2025-10-15'),
(192, 92, '2025-10-16'),
(193, 93, '2025-10-18'),
(194, 94, '2025-10-19'),
(195, 95, '2025-10-21'),
(196, 96, '2025-10-22'),
(197, 97, '2025-10-24'),
(198, 98, '2025-10-25'),
(199, 99, '2025-10-27'),
(200, 100, '2025-10-28'),
(201, 1, '2025-10-30'),
(202, 2, '2025-10-31'),
(203, 3, '2025-11-02'),
(204, 4, '2025-11-03'),
(205, 5, '2025-11-05'),
(206, 6, '2025-11-06'),
(207, 7, '2025-11-08'),
(208, 8, '2025-11-09'),
(209, 9, '2025-11-11'),
(210, 10, '2025-11-12'),
(211, 11, '2025-11-14'),
(212, 12, '2025-11-15'),
(213, 13, '2025-11-17'),
(214, 14, '2025-11-18'),
(215, 15, '2025-11-20'),
(216, 16, '2025-11-21'),
(217, 17, '2025-11-23'),
(218, 18, '2025-11-24'),
(219, 19, '2025-11-26'),
(220, 20, '2025-11-27'),
(221, 21, '2025-11-29'),
(222, 22, '2025-11-30'),
(223, 23, '2025-12-02'),
(224, 24, '2025-12-03'),
(225, 25, '2025-12-05'),
(226, 26, '2025-12-06'),
(227, 27, '2025-12-08'),
(228, 28, '2025-12-09'),
(229, 29, '2025-12-11'),
(230, 30, '2025-12-12'),
(231, 31, '2025-12-14'),
(232, 32, '2025-12-15'),
(233, 33, '2025-12-17'),
(234, 34, '2025-12-18'),
(235, 35, '2025-12-20'),
(236, 36, '2025-12-21'),
(237, 37, '2025-12-23'),
(238, 38, '2025-12-24'),
(239, 39, '2025-12-26'),
(240, 40, '2025-12-27'),
(241, 41, '2025-12-29'),
(242, 42, '2025-12-30'),
(243, 43, '2026-01-01'),
(244, 44, '2026-01-02'),
(245, 45, '2026-01-04'),
(246, 46, '2026-01-05'),
(247, 47, '2026-01-07'),
(248, 48, '2026-01-08'),
(249, 49, '2026-01-10'),
(250, 50, '2026-01-11');

-- --------------------------------------------------------

--
-- Struttura della tabella `prodotti`
--

CREATE TABLE `prodotti` (
  `id_prodotto` int(11) NOT NULL,
  `nome` varchar(128) NOT NULL,
  `fornitore` varchar(128) NOT NULL,
  `id_categorie` int(11) DEFAULT NULL,
  `prezzo` float NOT NULL
) ENGINE=InnoDB DEFAULT CHARSET=utf8mb4 COLLATE=utf8mb4_unicode_ci;

--
-- Dump dei dati per la tabella `prodotti`
--

INSERT INTO `prodotti` (`id_prodotto`, `nome`, `fornitore`, `id_categorie`, `prezzo`) VALUES
(1, 'TV OLED 55\" 4K', 'Samsung', 1, 899.99),
(2, 'Soundbar Dolby Atmos 3.1', 'Sony', 1, 249.5),
(3, 'Smart TV Android 50\"', 'LG', 1, 499),
(4, 'Action Cam 4K', 'GoPro', 1, 329),
(5, 'Fotocamera Mirrorless 24MP', 'Canon', 1, 749),
(6, 'Laptop Ultrabook 14\" i7 16GB', 'Dell', 2, 1199),
(7, 'Desktop Gaming RTX 4060', 'MSI', 2, 1399),
(8, 'Monitor 27\" IPS 144Hz', 'ASUS', 2, 299),
(9, 'SSD NVMe 1TB', 'Samsung', 2, 129.9),
(10, 'Mouse Wireless Gaming', 'Logitech', 2, 59.9),
(11, 'Smartphone 128GB', 'Apple', 3, 999),
(12, 'Smartphone 256GB', 'Xiaomi', 3, 599),
(13, 'Custodia protettiva in silicone', 'Spigen', 3, 19.9),
(14, 'Caricabatterie Fast Charge 30W', 'Anker', 3, 24.9),
(15, 'Auricolari True Wireless', 'Samsung', 3, 149),
(16, 'Frigorifero No Frost 300L', 'Whirlpool', 4, 699),
(17, 'Lavatrice 8kg A+++', 'Bosch', 4, 549),
(18, 'Aspirapolvere robot', 'iRobot', 4, 399),
(19, 'Forno elettrico multifunzione', 'Smeg', 4, 479),
(20, 'Lavastoviglie 12 coperti', 'Electrolux', 4, 499),
(21, 'Divano 3 posti in tessuto', 'IKEA', 5, 799),
(22, 'Tavolo da pranzo 6 posti', 'Calligaris', 5, 599),
(23, 'Lampada da terra LED', 'Artemide', 5, 199),
(24, 'Materasso memory foam 160x200', 'Emma', 5, 699),
(25, 'Libreria modulare in legno', 'Mondo Convenienza', 5, 249),
(26, 'Macchina da caffè espresso', 'DeLonghi', 6, 249),
(27, 'Set pentole antiaderenti 10pz', 'Tefal', 6, 129),
(28, 'Friggitrice ad aria 5L', 'Philips', 6, 119.99),
(29, 'Robot da cucina multifunzione', 'Kenwood', 6, 349),
(30, 'Bollitore elettrico 1.7L', 'Bosch', 6, 39.9),
(31, 'Tosaerba elettrico 1600W', 'Black+Decker', 7, 199),
(32, 'Tagliasiepi cordless', 'Stihl', 7, 179),
(33, 'Irrigatore oscillante programmabile', 'Gardena', 7, 59.9),
(34, 'Concime universale 10kg', 'Compo', 7, 24.5),
(35, 'Set attrezzi giardinaggio 5pz', 'Fiskars', 7, 49.9),
(36, 'Tapis roulant pieghevole', 'NordicTrack', 8, 899),
(37, 'Cyclette magnetica', 'Kettler', 8, 349),
(38, 'Set manubri regolabili 20kg', 'Technogym', 8, 199),
(39, 'Tappetino yoga antiscivolo', 'Manduka', 8, 59.9),
(40, 'Fitness tracker con GPS', 'Garmin', 8, 149),
(41, 'Jeans slim fit', 'Levi\'s', 9, 89.9),
(42, 'Giacca invernale impermeabile', 'The North Face', 9, 199),
(43, 'Camicia Oxford uomo', 'H&M', 9, 29.9),
(44, 'Maglione lana merino', 'Benetton', 9, 69.9),
(45, 'Giacca in pelle', 'Zara', 9, 149),
(46, 'Abito midi floreale', 'Mango', 10, 79.9),
(47, 'Cappotto lungo in lana', 'Max&Co', 10, 249),
(48, 'Blusa in seta', 'Zara', 10, 59.9),
(49, 'Leggings sportivi', 'Nike', 10, 39.9),
(50, 'Cardigan oversize', 'H&M', 10, 49.9),
(51, 'Sneakers running', 'Adidas', 11, 119.9),
(52, 'Stivali in pelle', 'Timberland', 11, 159),
(53, 'Sandali estivi', 'Birkenstock', 11, 69.9),
(54, 'Scarpa elegante uomo', 'Clarks', 11, 129),
(55, 'Scarpa da trekking', 'Salomon', 11, 139),
(56, 'Orologio analogico uomo', 'Fossil', 12, 179),
(57, 'Collana in argento', 'Swarovski', 12, 99),
(58, 'Bracciale in acciaio', 'Pandora', 12, 69),
(59, 'Occhiali da sole polarizzati', 'Ray-Ban', 12, 129),
(60, 'Cintura in pelle', 'Gucci', 12, 249),
(61, 'Asciugacapelli professionale', 'Dyson', 13, 399),
(62, 'Piastra per capelli', 'GHD', 13, 129),
(63, 'Rasoio elettrico', 'Braun', 13, 99.9),
(64, 'Crema idratante viso 50ml', 'La Roche-Posay', 13, 24.9),
(65, 'Spazzolino elettrico sonic', 'Oral-B', 13, 59.9),
(66, 'Passeggino leggero', 'Chicco', 14, 199),
(67, 'Seggiolino auto gruppo 0/1', 'Britax', 14, 249),
(68, 'Set mattoncini costruzione 1000pz', 'LEGO', 14, 79.9),
(69, 'Giochi educativi primo anno', 'Fisher-Price', 14, 29.9),
(70, 'Peluche grande 80cm', 'Steiff', 14, 59.9),
(71, 'Batteria auto 12V 70Ah', 'Bosch', 15, 119),
(72, 'Olio motore sintetico 5W-30 5L', 'Castrol', 15, 39.9),
(73, 'Kit riparazione pneumatici', 'Michelin', 15, 29.9),
(74, 'Navigatore GPS 6.2\"', 'TomTom', 15, 149),
(75, 'Casco integrale moto', 'Arai', 15, 249),
(76, 'Chitarra acustica dreadnought', 'Yamaha', 16, 299),
(77, 'Pianoforte digitale 88 tasti', 'Roland', 16, 899),
(78, 'Batteria elettronica compatta', 'Alesis', 16, 499),
(79, 'Violino 4/4 con custodia', 'Stentor', 16, 229),
(80, 'Microfono a condensatore USB', 'Shure', 16, 129),
(81, 'Romanzo bestseller (cop. rigida)', 'Mondadori', 17, 19.9),
(82, 'Ricettario cucina italiana', 'Giunti', 17, 24.9),
(83, 'Guida turistica Europa 2026', 'Lonely Planet', 17, 29.9),
(84, 'Libro per bambini illustrato', 'Rizzoli', 17, 14.9),
(85, 'Abbonamento rivista annuale', 'Condé Nast', 17, 49),
(86, 'Blu-ray film collezione', 'Warner', 18, 14.9),
(87, 'Vinile LP edizione limitata', 'Universal Music', 18, 29.9),
(88, 'Cuffie over-ear noise cancelling', 'Bose', 18, 249),
(89, 'Speaker Bluetooth portatile', 'JBL', 18, 99.9),
(90, 'Box set serie TV 4 stagioni', 'Netflix Home', 18, 59.9),
(91, 'Stampante laser monocromatica', 'HP', 19, 149),
(92, 'Sedia ergonomica ufficio', 'Herman Miller', 19, 899),
(93, 'Scrivania regolabile in altezza', 'Ikea', 19, 249),
(94, 'Cartucce toner nero', 'Brother', 19, 39.9),
(95, 'Blocchi A4 carta 500fg', 'Navigator', 19, 8.9),
(96, 'Misuratore pressione automatico', 'Omron', 20, 49.9),
(97, 'Fascia massaggiante portatile', 'Theragun', 20, 199),
(98, 'Integratori multivitaminici 60cps', 'Solgar', 20, 24.9),
(99, 'Bilancia pesapersone digitale', 'Withings', 20, 99.9),
(100, 'Tappetino per ginnastica Pilates', 'Reebok', 20, 29.9);

--
-- Indici per le tabelle scaricate
--

--
-- Indici per le tabelle `categorie`
--
ALTER TABLE `categorie`
  ADD PRIMARY KEY (`id_categoria`);

--
-- Indici per le tabelle `clienti`
--
ALTER TABLE `clienti`
  ADD PRIMARY KEY (`id_cliente`);

--
-- Indici per le tabelle `dettagli_ordini`
--
ALTER TABLE `dettagli_ordini`
  ADD PRIMARY KEY (`id_ordine`,`id_prodotto`),
  ADD KEY `id_prodotto` (`id_prodotto`);

--
-- Indici per le tabelle `ordini`
--
ALTER TABLE `ordini`
  ADD PRIMARY KEY (`id_ordine`),
  ADD KEY `id_cliente` (`id_cliente`);

--
-- Indici per le tabelle `prodotti`
--
ALTER TABLE `prodotti`
  ADD PRIMARY KEY (`id_prodotto`),
  ADD KEY `id_categorie` (`id_categorie`);

--
-- AUTO_INCREMENT per le tabelle scaricate
--

--
-- AUTO_INCREMENT per la tabella `categorie`
--
ALTER TABLE `categorie`
  MODIFY `id_categoria` int(11) NOT NULL AUTO_INCREMENT, AUTO_INCREMENT=21;

--
-- AUTO_INCREMENT per la tabella `clienti`
--
ALTER TABLE `clienti`
  MODIFY `id_cliente` int(11) NOT NULL AUTO_INCREMENT, AUTO_INCREMENT=101;

--
-- AUTO_INCREMENT per la tabella `ordini`
--
ALTER TABLE `ordini`
  MODIFY `id_ordine` int(11) NOT NULL AUTO_INCREMENT, AUTO_INCREMENT=251;

--
-- AUTO_INCREMENT per la tabella `prodotti`
--
ALTER TABLE `prodotti`
  MODIFY `id_prodotto` int(11) NOT NULL AUTO_INCREMENT, AUTO_INCREMENT=101;

--
-- Limiti per le tabelle scaricate
--

--
-- Limiti per la tabella `dettagli_ordini`
--
ALTER TABLE `dettagli_ordini`
  ADD CONSTRAINT `dettagli_ordini_ibfk_1` FOREIGN KEY (`id_ordine`) REFERENCES `ordini` (`id_ordine`),
  ADD CONSTRAINT `dettagli_ordini_ibfk_2` FOREIGN KEY (`id_prodotto`) REFERENCES `prodotti` (`id_prodotto`);

--
-- Limiti per la tabella `ordini`
--
ALTER TABLE `ordini`
  ADD CONSTRAINT `ordini_ibfk_1` FOREIGN KEY (`id_cliente`) REFERENCES `clienti` (`id_cliente`);

--
-- Limiti per la tabella `prodotti`
--
ALTER TABLE `prodotti`
  ADD CONSTRAINT `prodotti_ibfk_1` FOREIGN KEY (`id_categorie`) REFERENCES `categorie` (`id_categoria`);
COMMIT;

/*!40101 SET CHARACTER_SET_CLIENT=@OLD_CHARACTER_SET_CLIENT */;
/*!40101 SET CHARACTER_SET_RESULTS=@OLD_CHARACTER_SET_RESULTS */;
/*!40101 SET COLLATION_CONNECTION=@OLD_COLLATION_CONNECTION */;
